rank,title,author,year,cover,category,tags,awards,desc,why,vibe
1,Children of Time,Adrian Tchaikovsky,2015,https://covers.openlibrary.org/b/title/Children%20of%20Time-L.jpg,hard-sf|modern,mindfuck|epic,Award-nah,"Ein gewaltig angelegter Evolutionsroman über Terraforming, scheiternde Menschheitsexperimente und die Entstehung einer vollkommen andersartigen Zivilisation. Das Buch springt über lange Zeiträume, verbindet Big-Idea-Sci-Fi mit echter Spannung und zeigt, wie Intelligenz, Kultur und Konflikt auch jenseits des Menschlichen plausibel wachsen können.","Wenn du Lust auf große Ideen, nichtmenschliche Perspektiven und ein Buch hast, das sich gleichzeitig episch und erstaunlich zugänglich anfühlt, ist das einer der stärksten Einstiege in moderne Hard-SF.","<strong>Vibe:</strong> episch, klug, fremdartig, staunend."
2,Project Hail Mary,Andy Weir,2021,https://covers.openlibrary.org/b/title/Project%20Hail%20Mary-L.jpg,hard-sf|modern,accessible,Mainstream-Favorit,"Ein extrem zugänglicher, rasanter Wissenschaftsroman über einen unfreiwilligen Helden, der mit Improvisation, Physik und viel Galgenhumor ein katastrophales Menschheitsproblem lösen muss. Das Buch liest sich fast wie ein perfektes Popcorn-Abenteuer, ohne dumm zu werden.","Ideal, wenn du sofort in ein Buch reinkommen willst, Science magst, aber keine trockene Formelschau suchst. Kaum ein moderner Sci-Fi-Roman ist gleichzeitig so warmherzig, clever und page-turnig.","<strong>Vibe:</strong> zugänglich, nerdig, warm, motivierend."
3,Blindsight,Peter Watts,2006,https://covers.openlibrary.org/b/title/Blindsight-L.jpg,hard-sf|literarisch,mindfuck,Kultstatus,"Ein düsterer Erstkontaktroman, der nicht einfach fragt, ob da draußen intelligentes Leben existiert, sondern ob Bewusstsein überhaupt ein Vorteil ist. Peter Watts verbindet Neurobiologie, Philosophie, Horror und Hard-SF zu einem Buch, das einen noch lange nach dem Lesen weiterdenkt.","Perfekt, wenn du keine Wohlfühl-Sci-Fi willst, sondern etwas Kühles, Herausforderndes und gedanklich Verstörendes. Das ist genau die Sorte Buch, bei der man zwischendurch innehält und denkt: Moment, was bedeutet das eigentlich für uns?","<strong>Vibe:</strong> hart, kühl, philosophisch, beunruhigend."
4,Translation State,Ann Leckie,2023,https://covers.openlibrary.org/b/title/Translation%20State-L.jpg,modern|space-opera|literarisch,award|politisch,Hugo 2024 Finalist|Nebula 2023 Finalist|Locus 2024 List,"Ann Leckie erzählt hier politische Space Opera mit Identitätsfragen, Diplomatie, Familienverwicklungen und sehr gelungenen nichtmenschlichen Perspektiven. Statt bloßem Bombast bekommt man ein präzise gebautes Zukunftssetting, in dem Sprache, Zugehörigkeit und Macht ständig ineinandergreifen.","Sehr gut, wenn du moderne Space Opera willst, die intelligent, charakterstark und politisch ist, ohne sich in Militärpathos zu verlieren. Das Buch fühlt sich erwachsen an, nicht bloß groß.","<strong>Vibe:</strong> elegant, politisch, präzise, kontrolliert."
5,Some Desperate Glory,Emily Tesh,2023,https://covers.openlibrary.org/b/title/Some%20Desperate%20Glory-L.jpg,modern|space-opera,award|politisch|new,Hugo 2024 Best Novel,"Ein intensiver Roman über militarisierte Erziehung, ideologische Verformung und die schmerzhafte Frage, was mit einem Menschen passiert, wenn das eigene Weltbild auseinanderbricht. Das Buch ist emotional direkter als viele klassische Space-Operas und lebt stark von seiner Perspektivfigur.","Wenn du moderne, preisnahe Sci-Fi mit Tempo, Haltung und psychologischer Spannung willst, ist das ein sehr starker Griff. Es ist nicht nur spannend, sondern auch wütend und klar in seinem Blick auf Macht und Radikalisierung.","<strong>Vibe:</strong> scharf, emotional, ideologisch, druckvoll."
6,System Collapse,Martha Wells,2023,https://covers.openlibrary.org/b/title/System%20Collapse-L.jpg,modern|hard-sf,award|accessible|ai|new,Locus 2024 Winner,"Ein schneller, sehr lesbarer KI-/Security-Roman aus dem Murderbot-Umfeld, der Action, trockenen Humor und Identitätsfragen zusammenbringt. Die große Stärke liegt weniger in maximaler Komplexität als in Tonfall, Tempo und der angenehm eigensinnigen Hauptfigur.","Wenn du etwas Modernes, Unterhaltsames und thematisch KI-nahes willst, ohne dich gleich in einen riesigen Zyklus oder schwere Prosa zu werfen, passt das hier hervorragend.","<strong>Vibe:</strong> flott, ironisch, modern, sympathisch."
7,The Saint of Bright Doors,Vajra Chandrasekera,2023,https://covers.openlibrary.org/b/title/The%20Saint%20of%20Bright%20Doors-L.jpg,modern|literarisch,award|new|politisch,Nebula 2023 Winner|Locus First Novel Winner,"Seltsam, literarisch, politisch und sehr eigen — eher etwas für Lust auf Neues als auf Komfort.","Super, wenn du <strong>etwas wirklich Originelles</strong> lesen willst.","<strong>Vibe:</strong> weird, literarisch, ungewöhnlich."
8,The Ministry of Time,Kaliane Bradley,2024,https://covers.openlibrary.org/b/title/The%20Ministry%20of%20Time-L.jpg,modern|literarisch,award|accessible|new,Goodreads 2024 Winner,"Ein spielerischer, stilistisch zugänglicher Zeitreise-Roman, der Romantik, Bürokratie, Kolonialgeschichte und Gegenwartsgefühl überraschend geschickt verschaltet. Das Buch ist weniger harte Physik als cleveres Konzept plus sehr lesbarer Ton.","Gut, wenn du etwas Neues und Gesprächiges willst, das Sci-Fi-Ideen mit emotionaler Nähe und Gegenwartsbeobachtung verbindet. Es ist ein Buch, das leichter wirkt, als es eigentlich ist.","<strong>Vibe:</strong> modern, charmant, clever, leichtfüßig."
9,Alien Clay,Adrian Tchaikovsky,2024,https://covers.openlibrary.org/b/title/Alien%20Clay-L.jpg,modern|hard-sf,award|new,Hugo 2025 Finalist,"Neuere Tchaikovsky-Sci‑Fi mit fremder Biologie, Härte und intellektuellem Druck.","Gute Wahl, wenn du <strong>aktuelle Ideen-Sci‑Fi</strong> mit Biss suchst.","<strong>Vibe:</strong> fremd, gespannt, biologisch."
10,Service Model,Adrian Tchaikovsky,2024,https://covers.openlibrary.org/b/title/Service%20Model-L.jpg,modern|hard-sf,award|ai|new,Hugo 2025 Finalist|Goodreads 2024 Nominee,"Robotik, Systemlogik und satirischer Ton in einer deutlich moderneren SF-Variante.",Wenn du <strong>Maschinenlogik und Gesellschaftssatire</strong> kombinieren willst.,"<strong>Vibe:</strong> trocken, präzise, maschinell."
11,The Mercy of Gods,James S. A. Corey,2024,https://covers.openlibrary.org/b/title/The%20Mercy%20of%20Gods-L.jpg,modern|space-opera,award|new|epic,Goodreads 2024 Nominee,Groß angelegte neue SF von den Expanse-Autoren mit entsprechendem Sog.,"Naheliegend, wenn du <strong>größere Reihen und Expanse-Vibes</strong> magst.","<strong>Vibe:</strong> episch, breit, dramatisch."
12,House of Suns,Alastair Reynolds,2008,https://covers.openlibrary.org/b/title/House%20of%20Suns-L.jpg,space-opera|hard-sf,epic,Fanfavorit,"Eine große, weite Space Opera über nahezu unsterbliche Linien von Klonen, tiefe Zeit und einen kosmischen Kriminalfaden. Reynolds verbindet Größenwahn und Klarheit so gut, dass das Buch zugleich monumentale Dimensionen hat und trotzdem lesbar bleibt.","Wenn du epische Weite, Sense of Wonder und echte Zukunftsgröße willst, ist das ein Volltreffer. Es fühlt sich an, als würde man weit in eine kalte, faszinierende Ferne hinauszoomen.","<strong>Vibe:</strong> majestätisch, weit, kühl, staunend."
13,A Memory Called Empire,Arkady Martine,2019,https://covers.openlibrary.org/b/title/A%20Memory%20Called%20Empire-L.jpg,space-opera|literarisch,politisch,Preiswürdig rezipiert,"Diplomatie, Reichspolitik und kultureller Druck — mehr Hofintrige als Dogfight.",Sehr gut für <strong>politische Sci‑Fi</strong> mit echter Stilnote.,"<strong>Vibe:</strong> kultiviert, intrigenreich, elegant."
14,The Dispossessed,Ursula K. Le Guin,1974,https://covers.openlibrary.org/b/title/The%20Dispossessed-L.jpg,classic|literarisch,politisch,Klassiker,"Le Guin nutzt zwei kontrastierende Welten, um Freiheit, Besitz, Gesellschaftsordnung und moralische Verantwortung durchzuspielen. Das ist keine actiongetriebene Sci-Fi, sondern eine der intelligentesten politischen Zukunftserzählungen überhaupt.","Wenn du Sci-Fi nicht nur als Abenteuer, sondern als Denkraum für Gesellschaft und Ethik lesen willst, ist das fast Pflichtlektüre. Kaum ein Buch zeigt so elegant, wie politisch Science Fiction sein kann.","<strong>Vibe:</strong> ruhig, politisch, gedanklich klar, menschlich."
15,The Left Hand of Darkness,Ursula K. Le Guin,1969,https://covers.openlibrary.org/b/title/The%20Left%20Hand%20of%20Darkness-L.jpg,classic|literarisch,politisch,Hugo/Nebula Klassiker,"Kontakt, Kultur und Identität in einem der wichtigsten Sci‑Fi-Romane überhaupt.","Wenn du <strong>Genre-Grundlagen</strong> willst, die heute noch frisch wirken.","<strong>Vibe:</strong> kalt, still, tief."
16,Solaris,Stanisław Lem,1961,https://covers.openlibrary.org/b/title/Solaris-L.jpg,classic|literarisch,mindfuck,Kanon,"Ein radikal fremdes Gegenüber und die Erkenntnis, dass Menschen vielleicht nicht alles verstehen können.","Perfekt, wenn du <strong>philosophische Fremdheits-Sci‑Fi</strong> willst.","<strong>Vibe:</strong> ruhig, unheimlich, erkenntniskritisch."
17,Neuromancer,William Gibson,1984,https://covers.openlibrary.org/b/title/Neuromancer-L.jpg,classic,ai,Kanon,"Cyberpunk-Urtext mit Datendiebstahl, KI und kapitalistisch verseuchten Megastrukturen.","Sinnvoll, wenn du <strong>Genregeschichte</strong> plus Stil willst.","<strong>Vibe:</strong> neon, kühl, verdichtet."
18,The Stars My Destination,Alfred Bester,1957,https://covers.openlibrary.org/b/title/The%20Stars%20My%20Destination-L.jpg,classic,mindfuck,Klassiker,"Rachegeschichte im All, sehr direkt, aggressiv, stilprägend.","Gut, wenn du <strong>ältere Sci‑Fi mit Wucht</strong> suchst, nicht bloß musealen Staub.","<strong>Vibe:</strong> wild, schnell, wütend."
19,The Terraformers,Annalee Newitz,2023,https://covers.openlibrary.org/b/title/The%20Terraformers-L.jpg,modern|hard-sf,award|new|politisch,Nebula 2023 Finalist|Locus 2024 List,"Ökologie, Stadtplanung, Kapitalismus und Zukunftsgesellschaft in ziemlich origineller Kombination.","Empfehlenswert, wenn du <strong>Weltbau mit Systemfragen</strong> magst.","<strong>Vibe:</strong> verspielt, kritisch, zukunftsgebaut."
20,These Burning Stars,Bethany Jacobs,2023,https://covers.openlibrary.org/b/title/These%20Burning%20Stars-L.jpg,modern|space-opera,new|epic,Locus First Novel List,"Reihenstart mit Intrigen, Imperium, Gewalt und viel Energie.",Wenn du <strong>neue Space-Opera-Reihen</strong> antesten willst.,"<strong>Vibe:</strong> scharf, groß, dramatisch."
21,The Handmaid's Tale,Margaret Atwood,1985,https://covers.openlibrary.org/b/title/The%20Handmaid%27s%20Tale-L.jpg,classic|literarisch,politisch,Arthur C. Clarke 1987,Theokratische Diktatur in den USA — Frauen werden zu Eigentum. Atwood hat betont: alles darin ist historisch passiert.,"Die relevanteste Dystopie fuer die aktuelle Zeit. Weniger ""1984"", mehr ""das koennte wirklich passieren"".","<strong>Vibe:</strong> beklemmend, aktuell, wuetend."
22,Annie Bot,Sierra Greer,2024,https://covers.openlibrary.org/b/title/Annie%20Bot-L.jpg,modern,ai|new,Goodreads 2024 Nominee,"KI, Beziehung, Machtgefälle und Objektifizierung in einer klar modernen Ausprägung.","Gut, wenn dich <strong>KI + Gesellschaft + Beziehungsdynamik</strong> reizt.","<strong>Vibe:</strong> modern, nah, unangenehm spannend."
23,Hyperion,Dan Simmons,1989,https://covers.openlibrary.org/b/title/Hyperion-L.jpg,space-opera|modern,epic|mindfuck,Hugo 1990|Canon,"Ein moderner Klassiker, der Pilgerreise, literarische Stimmenvielfalt, KI-Konflikt und riesige Zukunftsmythologie zusammenführt. Jede Figur bringt ihre eigene Geschichte mit, wodurch das Buch abwechslungsreich bleibt und gleichzeitig immer größer wirkt.","Ideal, wenn du etwas Großes, legendär Aufgeladenes und strukturell Raffiniertes lesen willst. Es ist ein Buch für den Moment, in dem man nicht nur eine Story, sondern eine ganze Welt betreten möchte.","<strong>Vibe:</strong> episch, mythisch, vielstimmig, bildgewaltig."
24,The Forever War,Joe Haldeman,1974,https://covers.openlibrary.org/b/title/The%20Forever%20War-L.jpg,classic,politisch,Hugo 1976|Nebula 1975,"Vietnam-Krieg im All: Soldaten kämpfen in Lichtjahre-Entfernung, kehren nach Zeitdilatation in eine fremde Zukunft zurück. Der beste Antikriegsroman in Sci-Fi-Form.","Wenn du <strong>einen einzigen Klassiker</strong> liest, der dir die Sprache verschlägt.","<strong>Vibe:</strong> bitter, direkt, zeitlos."
25,Piranesi,Susanna Clarke,2020,https://covers.openlibrary.org/b/title/Piranesi-L.jpg,modern|literarisch,mindfuck,Women's Prize 2021|Hugo 2021 Finalist,"Ein Mann lebt allein in einem unendlichen Haus mit Hallen voller Statuen. Er katalogisiert, betet, schreibt Journale. Was das Haus eigentlich ist, erfährt man erst am Ende.",Der beste Brain-Melt-Roman der letzten Jahre.,"<strong>Vibe:</strong> still, mystisch, zermürbend schön."
26,Dark Matter,Blake Crouch,2016,https://covers.openlibrary.org/b/title/Dark%20Matter-L.jpg,modern,mindfuck|accessible,Goodreads Winner 2016,"Ein Physiker wird in ein Paralleluniversus entführt, in dem er eine andere Version seines Lebens lebt. Pageturner mit Multiversen-Thematik und echter emotionaler Wucht.","Lies ihn an einem Abend, denk dann eine Woche darüber nach.","<strong>Vibe:</strong> schnell, existenziell, reißend."
27,The Laundry Files: The Atrocity Archives,Charles Stross,2004,https://covers.openlibrary.org/b/title/The%20Atrocity%20Archives-L.jpg,modern,accessible,Hugo-nominiert,IT-Typ im britischen Geheimdienst setzt Mathematik gegen eldritch horrors ein. Cthulhu-Mythos trifft Bürokratie und Outsourcing-Wahn.,Sci-Fi + Horror + britischer Galgenhumor + IT-Witze.,"<strong>Vibe:</strong> sarkastisch, eldritch, nerdig."
28,A Fire Upon the Deep,Vernor Vinge,1992,https://covers.openlibrary.org/b/title/A%20Fire%20Upon%20the%20Deep-L.jpg,space-opera|hard-sf,epic|mindfuck,Hugo 1993,"Das Universum hat Zonen: Im ""Beyond"" können überlegene Intelligenzen existieren, tiefer unten verlangsamt sich Technologie und Bewusstsein.",Space Opera auf Steroiden — mit echter intellektueller Tiefe.,"<strong>Vibe:</strong> kosmisch, gewaltig, visionär."
29,Recursion,Blake Crouch,2019,https://covers.openlibrary.org/b/title/Recursion-L.jpg,modern,mindfuck|accessible,Goodreads Nominee 2019,"Falsche Erinnerungen an Leben, die nie stattfanden, werden zur globalen Epidemie. Menschen springen in ihre Vergangenheit zurück — mit katastrophalen Folgen.","Dark Matters großer Bruder. Schneller, härter, komplexer.","<strong>Vibe:</strong> paranoid, rasend, schmerzhaft schlau."
30,Gideon the Ninth,Tamsyn Muir,2019,https://covers.openlibrary.org/b/title/Gideon%20the%20Ninth-L.jpg,modern|space-opera,new,Locus Award 2020|Hugo 2020 Finalist,Lesbische Totenbeschwörerin löst ein mysteriöses Haunting auf einem verwunschenen Planeten. Space Opera trifft Gothic Horror mit Reddit-Humor.,"""Lesbian Necromancers in Space."" Funktioniert verdammt gut.","<strong>Vibe:</strong> schmutzig, lustig, unvorhersehbar."
31,Ninefox Gambit,Yoon Ha Lee,2016,https://covers.openlibrary.org/b/title/Ninefox%20Gambit-L.jpg,modern|space-opera,mindfuck|politisch,Locus Award 2017,"In einem Imperium, in dem Mathematik und gemeinsame Kalender Realität stabilisieren, bricht ein ketzerischer General das System.",Hard Sci-Fi mit Mathematik statt Physik. Absolut einzigartig.,"<strong>Vibe:</strong> mathematisch, düster, brillant konstruiert."
32,The City & the City,China Miéville,2009,https://covers.openlibrary.org/b/title/The%20City%20%26%20the%20City-L.jpg,modern|literarisch,mindfuck|politisch,Hugo 2010|Arthur C. Clarke 2010,"Ein Mord in einer Stadt, die mit einer anderen überlappt — nicht geografisch, sondern psychologisch. Noir-Detektivgeschichte als soziologisches Denkexperiment.","Ein Krimi, der gleichzeitig eine philosophische Bombe ist.","<strong>Vibe:</strong> noir, beunruhigend, konzeptuell genial."
33,Rosewater,Tade Thompson,2016,https://covers.openlibrary.org/b/title/Rosewater-L.jpg,modern,mindfuck|new,BSFA Award 2017|Arthur C. Clarke 2019,"Eine Alien-Biokuppel wächst in Nigeria, erzeugt telepathische Fähigkeiten und verändert alles. Noir-Ermittlung in einer völlig fremden Zukunftsstadt.",Die beste afrikanische Sci-Fi der letzten Jahre — fremd und frisch.,"<strong>Vibe:</strong> bio-weird, afrofuturistisch, unheimlich."
34,Ender’s Game,Orson Scott Card,1985,https://covers.openlibrary.org/b/title/Ender%E2%80%99s%20Game-L.jpg,classic,accessible|epic,Goodreads Top List,"Militärische Ausbildungs-SF, die gleichzeitig Strategie, Isolation und Manipulation verhandelt.","Wenn du <strong>zugängliche, ikonische Einstiegs-Sci‑Fi</strong> willst.","<strong>Vibe:</strong> schnell, clever, prägend."
35,The Hitchhiker’s Guide to the Galaxy,Douglas Adams,1979,https://covers.openlibrary.org/b/title/The%20Hitchhiker%E2%80%99s%20Guide%20to%20the%20Galaxy-L.jpg,classic,accessible,Goodreads Top List,"Der große anarchische Comedy-Klassiker des Genres: absurd, britisch, erstaunlich zitierbar.","Pflicht, wenn du <strong>Sci‑Fi mit Humor</strong> willst.","<strong>Vibe:</strong> albern, kosmisch, kultig."
36,1984,George Orwell,1949,https://covers.openlibrary.org/b/title/1984-L.jpg,classic|literarisch,politisch,Goodreads Top List,"Dystopischer Dauerbrenner über Überwachung, Sprache und Macht.",Wenn du <strong>politische Grundlagentexte</strong> des Genres willst.,"<strong>Vibe:</strong> kalt, bedrückend, klar."
37,Fahrenheit 451,Ray Bradbury,1953,https://covers.openlibrary.org/b/title/Fahrenheit%20451-L.jpg,classic|literarisch,politisch,Goodreads Top List,"Bücherverbrennung, Medienbetäubung und kulturelle Verarmung in eleganter Prosa.","Gut für <strong>kurze, klassische Dystopie</strong> mit Wirkung.","<strong>Vibe:</strong> poetisch, warnend, hell brennend."
38,Foundation,Isaac Asimov,1951,https://covers.openlibrary.org/b/title/Foundation-L.jpg,classic|space-opera,epic,WIRED / Goodreads,"Imperienfall, Psychohistorie und die mathematische Vermessung von Geschichte.",Wenn du <strong>ganz große Genre-Architektur</strong> willst.,"<strong>Vibe:</strong> ideenreich, groß, historisch."
39,Brave New World,Aldous Huxley,1932,https://covers.openlibrary.org/b/title/Brave%20New%20World-L.jpg,classic|literarisch,politisch,Goodreads Top List,"Eine sanfte, hedonistische Dystopie statt bloßer Gewalt — genau deshalb so stark.",Wenn dich <strong>Gesellschaftskontrolle durch Komfort</strong> reizt.,"<strong>Vibe:</strong> elegant, bitter, hell."
40,Do Androids Dream of Electric Sheep?,Philip K. Dick,1968,https://covers.openlibrary.org/b/title/Do%20Androids%20Dream%20of%20Electric%20Sheep%3F-L.jpg,classic,ai|mindfuck,Kanon,"Identität, Empathie und künstliche Menschen in konzentrierter Philip-K.-Dick-Form.","Für <strong>kurze, dichte KI- und Realitäts-SF</strong>.","<strong>Vibe:</strong> paranoid, trocken, schräg."
41,Snow Crash,Neal Stephenson,1992,https://covers.openlibrary.org/b/title/Snow%20Crash-L.jpg,classic,ai|accessible,Cyberpunk Klassiker,"Hyperaktive Cyberpunk-Satire mit Avataren, Konzernen und memetischem Overload.",Wenn du <strong>Tempo und Ideenfeuerwerk</strong> willst.,"<strong>Vibe:</strong> wild, neon, irre schnell."
42,The Moon is a Harsh Mistress,Robert A. Heinlein,1966,https://covers.openlibrary.org/b/title/The%20Moon%20is%20a%20Harsh%20Mistress-L.jpg,classic,politisch,WIRED List,"Mondkolonie, Rebellion und technische Improvisation in klassischer Heinlein-Form.",Wenn du <strong>politisch-technische Klassiker</strong> magst.,"<strong>Vibe:</strong> aufmüpfig, nüchtern, orbital."
43,The Calculating Stars,Mary Robinette Kowal,2018,https://covers.openlibrary.org/b/title/The%20Calculating%20Stars-L.jpg,modern|hard-sf,accessible,Esquire List,"Alternative Raumfahrtgeschichte mit viel Wissenschaft, Diskriminierungskritik und Drive.","Gut, wenn du <strong>moderne, lesbare Hard SF</strong> suchst.","<strong>Vibe:</strong> klug, zugänglich, hoffnungsvoll."
44,Redshirts,John Scalzi,2012,https://covers.openlibrary.org/b/title/Redshirts-L.jpg,modern,accessible,Esquire List,Meta-Sci‑Fi-Komödie über austauschbare Crewmitglieder und die Gewalt schlechter Narrative.,"Wenn du <strong>leichtere, clevere Sci‑Fi</strong> willst.","<strong>Vibe:</strong> witzig, meta, flott."
45,The Echo Wife,Sarah Gailey,2021,https://covers.openlibrary.org/b/title/The%20Echo%20Wife-L.jpg,modern,ai|mindfuck,Esquire List,"Klonen, Ehekrieg und die Frage, was Identität eigentlich bedeutet.","Wenn du <strong>kompakte, moderne Konzept-SF</strong> suchst.","<strong>Vibe:</strong> bissig, unheimlich, klar."
46,The Ten Percent Thief,Lavanya Lakshminarayan,2023,https://covers.openlibrary.org/b/title/The%20Ten%20Percent%20Thief-L.jpg,modern|literarisch,politisch|new,Esquire List,Mosaik-SF über algorithmische Kastensysteme und technokapitalistische Stadtgesellschaft.,Für <strong>gesellschaftskritische Zukunfts-Satire</strong>.,"<strong>Vibe:</strong> satirisch, scharf, urban."
47,Midnight Robber,Nalo Hopkinson,2000,https://covers.openlibrary.org/b/title/Midnight%20Robber-L.jpg,modern|literarisch,politisch,Esquire List,"Karibisch geprägte Zukunfts-SF mit AI, Exil und kultureller Kraft.",Wenn du <strong>etwas anderes als Standard-Anglo-SF</strong> willst.,"<strong>Vibe:</strong> mythic, lebendig, anders."
48,Parable of the Sower,Octavia E. Butler,1993,https://covers.openlibrary.org/b/title/Parable%20of%20the%20Sower-L.jpg,classic|literarisch,politisch,Book Riot List,"Nahe-Zukunft-Zerfall, Klimakrise und religiös-politische Neuordnung in brutal realistischer Form.",Wenn du <strong>hochrelevante Gesellschafts-SF</strong> willst.,"<strong>Vibe:</strong> rau, prophetisch, dringlich."
49,The Three-Body Problem,Liu Cixin,2008,https://covers.openlibrary.org/b/title/The%20Three-Body%20Problem-L.jpg,modern|hard-sf,mindfuck|epic,Hugo Winner,Chinesische Hard-SF mit kosmischer Perspektive und massiver Ideenwucht.,"Wenn du <strong>große, harte Erstkontakt-SF</strong> willst.","<strong>Vibe:</strong> massiv, kühl, kosmisch."
50,The Martian,Andy Weir,2011,https://covers.openlibrary.org/b/title/The%20Martian-L.jpg,modern|hard-sf,accessible,Book Riot List,Ingenieur-Survival auf dem Mars mit Humor und erstaunlich gutem Problemlöse-Sog.,Fast immer richtig für <strong>einen zugänglichen Einstieg</strong>.,"<strong>Vibe:</strong> praktisch, witzig, optimistisch."
51,Ringworld,Larry Niven,1970,https://covers.openlibrary.org/b/title/Ringworld-L.jpg,classic|hard-sf,epic,Book Riot List,Megastrukturen-SF und klassisches Sense of Wonder in ikonischer Form.,Wenn du <strong>Big Objects und große Ideen</strong> liebst.,"<strong>Vibe:</strong> groß, klassisch, staunend."
52,A Wrinkle in Time,Madeleine L’Engle,1962,https://covers.openlibrary.org/b/title/A%20Wrinkle%20in%20Time-L.jpg,classic|literarisch,accessible,Book Riot List,Jugendlicher Dimensionen- und Zeitreise-Klassiker mit enormem Einfluss.,Gut für <strong>etwas Kürzeres und Klassikerhaftes</strong>.,"<strong>Vibe:</strong> verspielt, zeitlos, hell."
53,Frankenstein,Mary Shelley,1818,https://covers.openlibrary.org/b/title/Frankenstein-L.jpg,classic|literarisch,politisch,Ur-Klassiker,"Der Grundstein von moderner Science Fiction: Schöpfung, Verantwortung und Hybris.",Wenn du <strong>an die Wurzel des Genres</strong> willst.,"<strong>Vibe:</strong> gotisch, tragisch, ursächlich."
54,The Blazing World,Margaret Cavendish,1666,https://covers.openlibrary.org/b/title/The%20Blazing%20World-L.jpg,classic|literarisch,politisch,WIRED List,"Frühe proto-sf voller Imagination, Utopie und bizarrer Welterschaffung.",Für <strong>Genre-Archäologie</strong> und Neugier.,"<strong>Vibe:</strong> barock, kühn, seltsam."
55,Ice,Anna Kavan,1967,https://covers.openlibrary.org/b/title/Ice-L.jpg,classic|literarisch,mindfuck,WIRED List,Apokalyptische Eislandschaften und halluzinatorische Bedrohung statt harter Technik.,Wenn du <strong>traumartige Endzeit-SF</strong> willst.,"<strong>Vibe:</strong> fiebrig, eisig, surreal."
56,The Player of Games,Iain M. Banks,1988,https://covers.openlibrary.org/b/title/The%20Player%20of%20Games-L.jpg,classic|space-opera,accessible|epic,Culture Klassiker,"Elegantester Einstieg ins Culture-Universum mit Spielen, Macht und Zivilisationsvergleich.",Wenn du <strong>Banks erstmals lesen</strong> willst.,"<strong>Vibe:</strong> kühl, smart, weit."
57,Consider Phlebas,Iain M. Banks,1987,https://covers.openlibrary.org/b/title/Consider%20Phlebas-L.jpg,classic|space-opera,epic,Culture Klassiker,"Krieg, Megastrukturen und kinetischer Startpunkt der Culture-Reihe.",Für <strong>mehr Action und große Setpieces</strong>.,"<strong>Vibe:</strong> rasant, groß, explosiv."
58,Excession,Iain M. Banks,1996,https://covers.openlibrary.org/b/title/Excession-L.jpg,classic|space-opera,mindfuck|ai|epic,Culture Klassiker,Vielleicht die AI-lastigste und kosmischste Culture-Erzählung.,Wenn du <strong>Bankssche Maschinengehirne</strong> willst.,"<strong>Vibe:</strong> posthuman, spielerisch, enorm."
59,Look to Windward,Iain M. Banks,2000,https://covers.openlibrary.org/b/title/Look%20to%20Windward-L.jpg,modern|space-opera,epic,Culture Klassiker,"Trauer, Krieg und postscarcity-Politik in melancholischer Culture-Form.",Wenn du <strong>epische SF mit Gefühl</strong> suchst.,"<strong>Vibe:</strong> traurig, schön, weit."
60,Matter,Iain M. Banks,2008,https://covers.openlibrary.org/b/title/Matter-L.jpg,modern|space-opera,epic,Culture Klassiker,"Schalenwelt, Intrigen und Größenwahn im vollen Culture-Modus.",Gut für <strong>maximalen Banks-Bombast</strong>.,"<strong>Vibe:</strong> opulent, seltsam, gigantisch."
61,Surface Detail,Iain M. Banks,2010,https://covers.openlibrary.org/b/title/Surface%20Detail-L.jpg,modern|space-opera,ai|epic,Culture Klassiker,"Virtuelle Höllen, Krieg und Identität in einer der dunkelsten Culture-Varianten.",Wenn du <strong>größere moralische Fragen</strong> willst.,"<strong>Vibe:</strong> dunkel, virtuell, mächtig."
62,Pandora’s Star,Peter F. Hamilton,2004,https://covers.openlibrary.org/b/title/Pandora%E2%80%99s%20Star-L.jpg,modern|space-opera,epic,Fanfavorit,"Gigantische Space Opera mit Wurmloch-Zivilisation, Politik und kosmischer Bedrohung.",Wenn du <strong>riesige Reihen</strong> magst.,"<strong>Vibe:</strong> groß, verzweigt, binge-tauglich."
63,Judas Unchained,Peter F. Hamilton,2005,https://covers.openlibrary.org/b/title/Judas%20Unchained-L.jpg,modern|space-opera,epic,Fanfavorit,"Die direkte Fortsetzung für alle, die bei Pandora's Star nicht aussteigen wollen.",Wenn du <strong>epische Fortsetzungen</strong> liebst.,"<strong>Vibe:</strong> breit, spektakulär, eskalierend."
64,Great North Road,Peter F. Hamilton,2012,https://covers.openlibrary.org/b/title/Great%20North%20Road-L.jpg,modern|space-opera,epic,Fanfavorit,"Mischung aus Mordfall, Zukunftsgesellschaft und planetarer Bedrohung.",Wenn du <strong>Krimi + Big SF</strong> magst.,"<strong>Vibe:</strong> massiv, kriminalistisch, technoid."
65,Leviathan Wakes,James S. A. Corey,2011,https://covers.openlibrary.org/b/title/Leviathan%20Wakes-L.jpg,modern|space-opera,accessible|epic,The Expanse Start,"Der starke Reihenstart von The Expanse: Politik, Detektivplot und glaubwürdige Raumfahrt.",Wenn du <strong>moderne Space Opera mit Drive</strong> willst.,"<strong>Vibe:</strong> zugänglich, spannend, orbitrealistisch."
66,Caliban’s War,James S. A. Corey,2012,https://covers.openlibrary.org/b/title/Caliban%E2%80%99s%20War-L.jpg,modern|space-opera,epic,The Expanse,"Mehr Maßstab, mehr Fraktionen, mehr Expanse-Sog.",Für <strong>nahtlosen Expanse-Nachschub</strong>.,"<strong>Vibe:</strong> größer, militarisierter, schnell."
67,Abaddon’s Gate,James S. A. Corey,2013,https://covers.openlibrary.org/b/title/Abaddon%E2%80%99s%20Gate-L.jpg,modern|space-opera,epic,The Expanse,"Ringtor, Mysterium und Eskalation — Expanse wird hier wirklich kosmisch.",Wenn du <strong>Space-Mysterium plus Politik</strong> willst.,"<strong>Vibe:</strong> angespannt, weit, druckvoll."
68,Ancillary Justice,Ann Leckie,2013,https://covers.openlibrary.org/b/title/Ancillary%20Justice-L.jpg,modern|space-opera,ai|politisch,Award Winner,"KI-Perspektive, Imperium und Identität in einer der prägenden neueren Space Operas.","Pflicht für <strong>intelligente, moderne Space Opera</strong>.","<strong>Vibe:</strong> kühl, elegant, bewusstseinsweit."
69,Ancillary Sword,Ann Leckie,2014,https://covers.openlibrary.org/b/title/Ancillary%20Sword-L.jpg,modern|space-opera,ai|politisch,Imperial Radch,Mehr Hofpolitik und Zivilisationsbeobachtung im Imperial-Radch-Universum.,Wenn du <strong>Leckie vertiefen</strong> willst.,"<strong>Vibe:</strong> ruhig, präzise, politisch."
70,Ancillary Mercy,Ann Leckie,2015,https://covers.openlibrary.org/b/title/Ancillary%20Mercy-L.jpg,modern|space-opera,ai|politisch,Imperial Radch,"Schließt die Haupttrilogie mit denselben Stärken: KI, Macht, Identität.",Für <strong>komplette Leckie-Lust</strong>.,"<strong>Vibe:</strong> kontrolliert, gedanklich, würdevoll."
71,Provenance,Ann Leckie,2017,https://covers.openlibrary.org/b/title/Provenance-L.jpg,modern|space-opera,politisch,Imperial Radch Universe,"Eigenständiger Roman über Herkunft, Status und Politik im selben Universum.",Wenn du <strong>Leckie ohne Trilogie-Commitment</strong> willst.,"<strong>Vibe:</strong> schlank, elegant, kulturell."
72,The Mote in God’s Eye,Larry Niven & Jerry Pournelle,1974,https://covers.openlibrary.org/b/title/The%20Mote%20in%20God%E2%80%99s%20Eye-L.jpg,classic|space-opera,hard-sf|epic,Klassiker,Erstkontakt-Klassiker mit militärischer und biologischer Logik.,Wenn du <strong>klassische Alien-Kontakt-SF</strong> willst.,"<strong>Vibe:</strong> methodisch, klassisch, groß."
73,Childhood’s End,Arthur C. Clarke,1953,https://covers.openlibrary.org/b/title/Childhood%E2%80%99s%20End-L.jpg,classic|literarisch,mindfuck,Kanon,"Kurzer, gewaltiger Klassiker über Überwachung, Erlösung und Menschheitsende.",Für <strong>konzentrierte große Ideen</strong>.,"<strong>Vibe:</strong> ruhig, endgültig, staunend."
74,Rendezvous with Rama,Arthur C. Clarke,1973,https://covers.openlibrary.org/b/title/Rendezvous%20with%20Rama-L.jpg,classic|hard-sf,epic,Kanon,Das Erkunden eines fremden Megaartefakts gehört zu den großen Motiven der SF — hier in Reinform.,Wenn du <strong>Entdeckung statt Krieg</strong> willst.,"<strong>Vibe:</strong> leer, groß, faszinierend."
75,2001: A Space Odyssey,Arthur C. Clarke,1968,https://covers.openlibrary.org/b/title/2001%3A%20A%20Space%20Odyssey-L.jpg,classic|hard-sf,mindfuck,Kanon,"Menschheitsentwicklung, KI und kosmische Stille in ikonischer Form.",Wenn du <strong>einen echten Monument-Klassiker</strong> willst.,"<strong>Vibe:</strong> sauber, fremd, monumental."
76,A Canticle for Leibowitz,Walter M. Miller Jr.,1959,https://covers.openlibrary.org/b/title/A%20Canticle%20for%20Leibowitz-L.jpg,classic|literarisch,politisch,Kanon,Postapokalyptischer Klosterklassiker über Wissensbewahrung und Zivilisationszyklen.,"Wenn du <strong>ernsthafte, lange nachhallende SF</strong> willst.","<strong>Vibe:</strong> liturgisch, bitter, zeitweit."
77,Lord of Light,Roger Zelazny,1967,https://covers.openlibrary.org/b/title/Lord%20of%20Light-L.jpg,classic|literarisch,mindfuck,Klassiker,"Techno-mythologische SF mit Göttern, Macht und Identitätsmasken.","Wenn du <strong>poetischere, ungewöhnlichere Klassiker</strong> willst.","<strong>Vibe:</strong> mythic, brillant, seltsam."
78,Gateway,Frederik Pohl,1977,https://covers.openlibrary.org/b/title/Gateway-L.jpg,classic,mindfuck,Klassiker,"Fremde Technologie, Risikoökonomie und psychologischer Druck in einem sehr starken Setup.",Gut für <strong>ältere Ideen-SF mit Punch</strong>.,"<strong>Vibe:</strong> nervös, fremd, clever."
79,A Deepness in the Sky,Vernor Vinge,1999,https://covers.openlibrary.org/b/title/A%20Deepness%20in%20the%20Sky-L.jpg,classic|space-opera,hard-sf|epic,Klassiker,"Vinge bleibt riesig, aber fokussierter und politischer als in A Fire Upon the Deep.",Für <strong>epische Erstkontakt- und Handels-SF</strong>.,"<strong>Vibe:</strong> intelligent, groß, kalt."
80,Rainbows End,Vernor Vinge,2006,https://covers.openlibrary.org/b/title/Rainbows%20End-L.jpg,modern,ai|politisch,Kultstatus,"Near-future SF über AR, Informationskrieg und gesellschaftliche Umbrüche.",Wenn dich <strong>digitale Zukunft direkt vor der Haustür</strong> interessiert.,"<strong>Vibe:</strong> nah, vernetzt, unruhig."
81,Quarantine,Greg Egan,1992,https://covers.openlibrary.org/b/title/Quarantine-L.jpg,classic|hard-sf,mindfuck,Kultstatus,Quantum-Paranoia und Realitätstheorie in knackigerem Umfang.,Gut für <strong>kompakteren Egan</strong>.,"<strong>Vibe:</strong> paranoid, präzise, physikalisch."
82,The Diamond Age,Neal Stephenson,1995,https://covers.openlibrary.org/b/title/The%20Diamond%20Age-L.jpg,classic,ai|mindfuck,Post-Cyberpunk Klassiker,"Nanotech, Bildung und soziale Schichtung in einem der besten Stephenson-Romane.",Wenn du <strong>große Technologiewelten</strong> willst.,"<strong>Vibe:</strong> verspielt, schlau, nanotechnisch."
83,Anathem,Neal Stephenson,2008,https://covers.openlibrary.org/b/title/Anathem-L.jpg,modern|literarisch,mindfuck,Kultstatus,"Monastische Denker, Kosmologie und ein langsamer, dann gewaltiger Ideenaufbau.",Für <strong>Geduld + Belohnung</strong>.,"<strong>Vibe:</strong> langsam, tief, explodierend."
84,Seveneves,Neal Stephenson,2015,https://covers.openlibrary.org/b/title/Seveneves-L.jpg,modern|hard-sf,epic,Fanfavorit,"Orbitalmechanik, Zivilisationsrettung und sehr viel Ingenieurs-SF.",Wenn du <strong>technische Katastrophen-SF</strong> willst.,"<strong>Vibe:</strong> technisch, druckvoll, lang."
85,Accelerando,Charles Stross,2005,https://covers.openlibrary.org/b/title/Accelerando-L.jpg,modern|hard-sf,ai|mindfuck,Singularity Klassiker,Beschleunigte Zukunft bis weit ins Posthumanistische hinein.,Wenn du <strong>Singularitäts-SF</strong> willst.,"<strong>Vibe:</strong> hektisch, geistig, überfordernd gut."
86,Glasshouse,Charles Stross,2006,https://covers.openlibrary.org/b/title/Glasshouse-L.jpg,modern,ai|mindfuck,Kultstatus,"Identität, Gedächtnis und gesellschaftliche Konstruktion in einer posthumanen Zukunft.",Für <strong>kluge Identitäts-SF</strong>.,"<strong>Vibe:</strong> seltsam, kontrolliert, psychologisch."
87,Saturn’s Children,Charles Stross,2008,https://covers.openlibrary.org/b/title/Saturn%E2%80%99s%20Children-L.jpg,modern,ai,Kultstatus,"Roboter, Arbeit, Körperpolitik — schräg und ganz anders als Menschen-SF.",Wenn du <strong>mehr Maschinenperspektive</strong> suchst.,"<strong>Vibe:</strong> ironisch, metallisch, weird."
88,Neptune’s Brood,Charles Stross,2013,https://covers.openlibrary.org/b/title/Neptune%E2%80%99s%20Brood-L.jpg,modern|space-opera,ai|politisch,Kultstatus,"Interstellare Finanzsysteme und Posthumanität — viel trockener und besser, als das klingt.",Wenn du <strong>Ökonomie + Weltraum</strong> willst.,"<strong>Vibe:</strong> trocken, clever, futuristisch."
89,The Sparrow,Mary Doria Russell,1996,https://covers.openlibrary.org/b/title/The%20Sparrow-L.jpg,classic|literarisch,politisch,Klassiker,"Erstkontakt, Mission und Glaubenskrise in einem intensiven, moralischen Roman.",Wenn du <strong>emotionale und ernste Erstkontakt-SF</strong> willst.,"<strong>Vibe:</strong> traurig, spirituell, stark."
90,The Book of the New Sun,Gene Wolfe,1980,https://covers.openlibrary.org/b/title/The%20Book%20of%20the%20New%20Sun-L.jpg,classic|literarisch,mindfuck,Kultstatus,"Strenggenommen Science Fantasy, aber zu wichtig für die Liste der großen seltsamen Zukunftsbücher.","Wenn du <strong>anspruchsvolle, labyrinthische Lektüre</strong> willst.","<strong>Vibe:</strong> dämmerig, schwer, literarisch."
91,The Fifth Head of Cerberus,Gene Wolfe,1972,https://covers.openlibrary.org/b/title/The%20Fifth%20Head%20of%20Cerberus-L.jpg,classic|literarisch,mindfuck,Kultstatus,"Kolonialismus, Klonen und Identität auf engem Raum und mit großer Dichte.",Für <strong>Wolfe ohne Mammutprojekt</strong>.,"<strong>Vibe:</strong> rätselhaft, dicht, kolonialkritisch."
92,Light,M. John Harrison,2002,https://covers.openlibrary.org/b/title/Light-L.jpg,modern|literarisch,mindfuck,Kultstatus,"Dunkle, zersplitterte New-Space-Opera mit literarischer Härte.",Wenn du <strong>ungemütliche literarische SF</strong> magst.,"<strong>Vibe:</strong> schwarz, scharf, fragmentiert."
93,Nova,Samuel R. Delany,1968,https://covers.openlibrary.org/b/title/Nova-L.jpg,classic|space-opera,literarisch,Klassiker,"Delanys elegante, wilde Space Opera über Kunst, Energie und Klasse.",Für <strong>stilistische ältere Space Opera</strong>.,"<strong>Vibe:</strong> funkelnd, wild, intelligent."
94,Babel-17,Samuel R. Delany,1966,https://covers.openlibrary.org/b/title/Babel-17-L.jpg,classic|literarisch,mindfuck,Klassiker,"Sprache als Waffe und Wahrnehmungsmaschine — kurz, eigen, brillant.",Wenn dich <strong>Lingustik-SF</strong> reizt.,"<strong>Vibe:</strong> sprachlich, schnell, originell."
95,Stars in My Pocket Like Grains of Sand,Samuel R. Delany,1984,https://covers.openlibrary.org/b/title/Stars%20in%20My%20Pocket%20Like%20Grains%20of%20Sand-L.jpg,classic|space-opera,literarisch|politisch,Kultstatus,"Beziehungs-, Kultur- und Zivilisationsroman in weiter, dichter Zukunft.","Für <strong>anspruchsvolle, queere Space-SF</strong>.","<strong>Vibe:</strong> opulent, dicht, kulturell."
96,The Lathe of Heaven,Ursula K. Le Guin,1971,https://covers.openlibrary.org/b/title/The%20Lathe%20of%20Heaven-L.jpg,classic|literarisch,mindfuck,Klassiker,"Träume, Wirklichkeit und politische Utopien in konzentrierter Form.","Wenn du <strong>kurze, geistig dichte Le Guin</strong> willst.","<strong>Vibe:</strong> schwebend, klug, seltsam."
97,Stranger in a Strange Land,Robert A. Heinlein,1961,https://covers.openlibrary.org/b/title/Stranger%20in%20a%20Strange%20Land-L.jpg,classic,politisch|mindfuck,Hugo 1962,"Ein von Marsianern aufgezogener Mensch kehrt zur Erde zurueck und revolutioniert alles: Religion, Sexualitaet, Gesellschaft. Der Roman, der die Gegenkultur der 60er mitgepraegt hat.","Wenn du verstehen willst, was Sci-Fi gesellschaftlich bewirken kann.","<strong>Vibe:</strong> provokant, visionaer, kulturell explosiv."
98,The Word for World Is Forest,Ursula K. Le Guin,1972,https://covers.openlibrary.org/b/title/The%20Word%20for%20World%20Is%20Forest-L.jpg,classic|literarisch,politisch,Klassiker,"Kolonialismus, Gewalt und Ökologie in kurzer, präziser Form.",Wenn du <strong>politische Kurzform-SF</strong> willst.,"<strong>Vibe:</strong> grün, bitter, knapp."
99,Binti,Nnedi Okorafor,2015,https://covers.openlibrary.org/b/title/Binti-L.jpg,modern|space-opera,accessible,Award Winner,"Kurze, starke Novelle über Identität, Mathematik und interstellaren Kulturkontakt.",Perfekt für <strong>einen starken kurzen Einstieg</strong>.,"<strong>Vibe:</strong> fokussiert, schön, beweglich."
100,Lagoon,Nnedi Okorafor,2014,https://covers.openlibrary.org/b/title/Lagoon-L.jpg,modern,politisch,Kultstatus,Alien-Ankunft in Lagos statt in New York oder London — und genau das macht es so frisch.,Wenn du <strong>andere Schauplätze und Perspektiven</strong> willst.,"<strong>Vibe:</strong> lebendig, urban, anders."
101,The Demolished Man,Alfred Bester,1953,https://covers.openlibrary.org/b/title/The%20Demolished%20Man-L.jpg,classic,mindfuck,Hugo 1953,"Ein genialer Milliardaer plant den perfekten Mord in einer Gesellschaft von Telepathen. Bester zeigt, wie man Spannung aufbaut, selbst wenn der Taeter am Anfang schon klar ist.","Ein Psychothriller, der Sci-Fi als Werkzeug benutzt, nicht als Kulisse.","<strong>Vibe:</strong> nervoes, clever, stilistisch."
102,A Psalm for the Wild-Built,Becky Chambers,2021,https://covers.openlibrary.org/b/title/A%20Psalm%20for%20the%20Wild-Built-L.jpg,modern,accessible|ai,Beliebt,Cozy-SF über Sinnsuche und eine freundliche Roboterbegegnung.,"Wenn du <strong>sanfte, freundliche Sci‑Fi</strong> willst.","<strong>Vibe:</strong> weich, warm, leise."
103,A Prayer for the Crown-Shy,Becky Chambers,2022,https://covers.openlibrary.org/b/title/A%20Prayer%20for%20the%20Crown-Shy-L.jpg,modern,accessible|ai,Beliebt,Mehr philosophisches Wandern und ruhige Nähe im Monk-&-Robot-Universum.,"Gut, wenn dir <strong>cozy philosophische SF</strong> gefällt.","<strong>Vibe:</strong> leicht, freundlich, nachdenklich."
104,"The Long Way to a Small, Angry Planet",Becky Chambers,2014,https://covers.openlibrary.org/b/title/The%20Long%20Way%20to%20a%20Small%2C%20Angry%20Planet-L.jpg,modern|space-opera,accessible,Beliebt,Crew-Space-Opera mit Fokus auf Charakteren und Alltagskultur statt Krieg.,Wenn du <strong>Herz statt Härte</strong> willst.,"<strong>Vibe:</strong> warm, ensemblehaft, liebenswert."
105,A Closed and Common Orbit,Becky Chambers,2016,https://covers.openlibrary.org/b/title/A%20Closed%20and%20Common%20Orbit-L.jpg,modern|space-opera,ai|accessible,Beliebt,"Besonders stark auf Identität, AI und Zugehörigkeit fokussiert.",Für <strong>mehr Chambers mit KI-Fokus</strong>.,"<strong>Vibe:</strong> zart, intelligent, intim."
106,Exhalation,Ted Chiang,2019,https://covers.openlibrary.org/b/title/Exhalation-L.jpg,modern|literarisch,mindfuck,Locus Award 2020,"17 Kurzgeschichten, jede ein perfekt konstruiertes Gedankenexperiment: Was wenn Bewusstsein eine endliche Ressource ist? Was wenn Gott ein mathematisches Muster ist? Chiang ist der beste SF-Kurzgeschichten-Autor des 21. Jahrhunderts.","Wenn du kurze, perfekte SF-Ideen willst, die dich tagelang beschaeftigen.","<strong>Vibe:</strong> scharf, elegant, intellektuell berauschend."
107,The Mountain in the Sea,Ray Nayler,2022,https://covers.openlibrary.org/b/title/The%20Mountain%20in%20the%20Sea-L.jpg,modern|hard-sf,ai|politisch,Kritikerlob,"Nichtmenschliche Intelligenz, Kapitalismus und Bewusstsein in brillanter moderner Form.",Wenn du <strong>aktuelle intelligente Erstkontakt-SF</strong> willst.,"<strong>Vibe:</strong> kühl, ozeanisch, reflektiert."
108,The Tusks of Extinction,Ray Nayler,2024,https://covers.openlibrary.org/b/title/The%20Tusks%20of%20Extinction-L.jpg,modern|hard-sf,ai|new,Hugo 2025 Novella,"Kurze Zukunfts-SF über Artensterben, Wiederbelebung und Ethik.","Wenn du <strong>kompakte, aktuelle Nayler-SF</strong> willst.","<strong>Vibe:</strong> traurig, biologisch, scharf."
109,"The Practice, the Horizon, and the Chain",Sofia Samatar,2024,https://covers.openlibrary.org/b/title/The%20Practice%2C%20the%20Horizon%2C%20and%20the%20Chain-L.jpg,modern|literarisch,politisch|new,Hugo 2025 Novella,"Sehr gelobte aktuelle Novelle über Arbeit, Hierarchie und Weite.","Wenn du <strong>kurze, literarische Neu-SF</strong> suchst.","<strong>Vibe:</strong> poetisch, kritisch, intensiv."
110,Rose/House,Arkady Martine,2023,https://covers.openlibrary.org/b/title/Rose/House-L.jpg,modern,ai|mindfuck,Hugo 2024 Novella,"Haus-AI, Architektur und Ermittlungsstimmung in knapper Form.",Für <strong>kompakte AI- und Raum-SF</strong>.,"<strong>Vibe:</strong> kühl, stilvoll, eingeschlossen."
111,Flowers for Algernon,Daniel Keyes,1966,https://covers.openlibrary.org/b/title/Flowers%20for%20Algernon-L.jpg,classic|literarisch,accessible|mindfuck,Nebula 1966|Hugo 1967,"Ein geistig beeinträchtigter Mann wird durch ein Experiment zum Genie. Seine Tagebücher zeigen den Aufstieg — und den unvermeidlichen Absturz. Eines der emotionalsten Bücher, die je geschrieben wurden.","Wenn du <strong>einen Abend lang weinen willst</strong>, während du Science Fiction liest.","<strong>Vibe:</strong> herzzerreißend, intim, genial."
112,Dune,Frank Herbert,1965,https://covers.openlibrary.org/b/title/Dune-L.jpg,classic|space-opera,epic|politisch,Hugo 1966|Nebula 1965,"Wüstenplanet, Ökologie, Religion, Imperialismus und politische Intrige in einer der komplexesten Welten der SF-Literatur. Paul Atreides muss zwischen Überleben und messianischem Wahn navigieren.",Der fehlende Elefant im Raum. <strong>Das</strong> wichtigste Sci-Fi-Buch aller Zeiten.,"<strong>Vibe:</strong> episch, trocken, politisch tief."
113,Starter Villain,John Scalzi,2023,https://covers.openlibrary.org/b/title/Starter%20Villain-L.jpg,modern,accessible|award|new,Hugo 2024 Finalist,"Scalzi macht wieder das, was er gut kann: schnell lesbare, unterhaltsame, clevere Genre-Action.",Wenn du <strong>etwas sehr Lesbares</strong> willst.,"<strong>Vibe:</strong> locker, sarkastisch, flott."
114,The Kaiju Preservation Society,John Scalzi,2022,https://covers.openlibrary.org/b/title/The%20Kaiju%20Preservation%20Society-L.jpg,modern,accessible,Goodreads 2023 Field,"Leichte, spaßige High-Concept-SF mit Monsterbiologie und Arbeitswelt-Zynismus.",Für <strong>leichteren Eskapismus</strong>.,"<strong>Vibe:</strong> poppig, spaßig, schnell."
115,Old Man’s War,John Scalzi,2005,https://covers.openlibrary.org/b/title/Old%20Man%E2%80%99s%20War-L.jpg,modern|space-opera,accessible,Beliebt,Militär-SF-Einstieg mit sehr hohem Lesesog.,Wenn du <strong>schnelles SF-Entertainment</strong> willst.,"<strong>Vibe:</strong> flott, soldatisch, zugänglich."
116,The Collapsing Empire,John Scalzi,2017,https://covers.openlibrary.org/b/title/The%20Collapsing%20Empire-L.jpg,modern|space-opera,accessible|politisch,Beliebt,"Interstellare Handelsrouten, Imperienlogik und Scalzi-Tempo.",Gut für <strong>lesbare politische Space Opera</strong>.,"<strong>Vibe:</strong> schnell, witty, imperial."
117,The Quantum Thief,Hannu Rajaniemi,2010,https://covers.openlibrary.org/b/title/The%20Quantum%20Thief-L.jpg,modern|hard-sf,mindfuck,Kultstatus,Komplexe posthumane Heist-SF voller Dichte und Ideen.,"Wenn du <strong>harte, dichte moderne SF</strong> willst.","<strong>Vibe:</strong> kompliziert, glitzernd, anspruchsvoll."
118,The Fractal Prince,Hannu Rajaniemi,2012,https://covers.openlibrary.org/b/title/The%20Fractal%20Prince-L.jpg,modern|hard-sf,mindfuck,Kultstatus,Noch dichter und fremder als der Auftakt.,Für <strong>mehr posthumane Komplexität</strong>.,"<strong>Vibe:</strong> exotisch, kryptisch, schnell."
119,The Causal Angel,Hannu Rajaniemi,2014,https://covers.openlibrary.org/b/title/The%20Causal%20Angel-L.jpg,modern|hard-sf,mindfuck,Kultstatus,Schließt die Trilogie mit maximalem Ideenfeuerwerk.,Wenn du <strong>die ganze Rajaniemi-Kur</strong> willst.,"<strong>Vibe:</strong> kosmisch, technisch, glitzernd."
120,The Space Between Worlds,Micaiah Johnson,2020,https://covers.openlibrary.org/b/title/The%20Space%20Between%20Worlds-L.jpg,modern|literarisch,politisch|accessible,Kritikerlob,"Multiversumsroman, der Klasse, Identität und Körperpolitik ernst nimmt.",Wenn du <strong>moderne Parallelwelten-SF</strong> suchst.,"<strong>Vibe:</strong> kraftvoll, klug, nah."
121,Light from Uncommon Stars,Ryka Aoki,2021,https://covers.openlibrary.org/b/title/Light%20from%20Uncommon%20Stars-L.jpg,modern|literarisch,accessible,Kritikerlob,"Genre-Mix mit Aliens, Musik und Trans-Themen; nicht harte SF, aber sehr gute speculative Empfehlung.","Wenn du <strong>weiche, ungewöhnliche Genremischungen</strong> magst.","<strong>Vibe:</strong> warm, traurig, leuchtend."
122,Version Control,Dexter Palmer,2016,https://covers.openlibrary.org/b/title/Version%20Control-L.jpg,modern|literarisch,mindfuck,Kritikerlob,"Near-future-Beziehungs- und Technologie-SF mit leiser, geschickter Spannung.","Für <strong>ruhigere, intelligentere Gegenwarts-SF</strong>.","<strong>Vibe:</strong> leise, unheimlich, kontrolliert."
123,The Gone World,Tom Sweterlitsch,2018,https://covers.openlibrary.org/b/title/The%20Gone%20World-L.jpg,modern,mindfuck|politisch,Kultstatus,"Zeitreise-Ermittlung, kosmischer Horror und Regierungsdunkelheit in einem brutalen Paket.",Wenn du <strong>düstere High-Concept-SF</strong> willst.,"<strong>Vibe:</strong> finster, verzerrt, packend."
124,Sea of Tranquility,Emily St. John Mandel,2022,https://covers.openlibrary.org/b/title/Sea%20of%20Tranquility-L.jpg,modern|literarisch,accessible,Kritikerlob,"Pandemische Zeit- und Raumverknüpfung in klarer, eleganter Prosa.","Gut für <strong>literarische, zugängliche SF</strong>.","<strong>Vibe:</strong> ruhig, gläsern, melancholisch."
125,Station Eleven,Emily St. John Mandel,2014,https://covers.openlibrary.org/b/title/Station%20Eleven-L.jpg,modern|literarisch,politisch,Kultstatus,"Grenzfall Richtung Post-Apokalypse, aber als Zukunftsroman mit Kulturfokus enorm stark.",Wenn du <strong>sanftere Endzeitliteratur</strong> suchst.,"<strong>Vibe:</strong> melancholisch, zart, menschlich."
126,Never Let Me Go,Kazuo Ishiguro,2005,https://covers.openlibrary.org/b/title/Never%20Let%20Me%20Go-L.jpg,modern|literarisch,politisch,Kanon,"Klonen, Würde und Verdrängung in extrem kontrollierter Prosa.",Wenn du <strong>literarisch starke Bioethik-SF</strong> willst.,"<strong>Vibe:</strong> still, schmerzhaft, präzise."
127,Klara and the Sun,Kazuo Ishiguro,2021,https://covers.openlibrary.org/b/title/Klara%20and%20the%20Sun-L.jpg,modern|literarisch,ai|accessible,Kritikerlob,Erzählung aus der Perspektive einer künstlichen Freundin über Fürsorge und Klassengesellschaft.,"Ishiguro als Nobelpreisträger (Literatur 2017) schreibt über KI aus ihrer eigenen Perspektive. Was die Maschine sieht, versteht sie falsch — und genau das macht es so stark.","<strong>Vibe:</strong> freundlich, traurig, beobachtend."
128,How High We Go in the Dark,Sequoia Nagamatsu,2022,https://covers.openlibrary.org/b/title/How%20High%20We%20Go%20in%20the%20Dark-L.jpg,modern|literarisch,politisch,Kritikerlob,"Verknüpfte Zukunftsgeschichten über Pandemie, Trauer und neue Rituale.",Wenn du <strong>mosaikartige Zukunftsliteratur</strong> magst.,"<strong>Vibe:</strong> traurig, klug, menschlich."
129,The Windup Girl,Paolo Bacigalupi,2009,https://covers.openlibrary.org/b/title/The%20Windup%20Girl-L.jpg,modern,politisch|dystopie,Hugo 2010|Nebula 2009,"Biopunk-Thailand: Kalorienkonzerne kontrollieren die Saatgut-Versorgung, gentechnisch modifizierte ""Windups"" sind Sklaven. Bioengineering, Klimakrise und postkoloniale Machtdynamik.",Wenn du Biopunk und Klimakrise ernst nehmen willst.,"<strong>Vibe:</strong> klebrig, duester, politisch scharf."
130,"I, Robot",Isaac Asimov,1950,https://covers.openlibrary.org/b/title/I%2C%20Robot-L.jpg,classic,ai|accessible,Kanon,"Die drei Gesetze der Robotik, entwickelt in einer Reihe von Kurzgeschichten. Asimov hat das Fundament für alle KI-Ethik-Debatten gelegt — lange bevor es Computer gab. Jede Geschichte ist ein logisches Puzzle: Was passiert, wenn die Gesetze kollidieren?","Wenn du <strong>verstehen willst, warum wir heute noch über Asimovs Gesetze diskutieren</strong>, wenn es um KI-Regulierung geht.","<strong>Vibe:</strong> rational, visionär, grundlegend."
131,Memoirs of a Spacewoman,Naomi Mitchison,1962,https://covers.openlibrary.org/b/title/Memoirs%20of%20a%20Spacewoman-L.jpg,classic|literarisch,politisch,Klassiker,Kommunikation mit Fremden und weibliche Perspektive in einem unterschätzten Klassiker.,Für <strong>andere klassische Stimmen</strong>.,"<strong>Vibe:</strong> ruhig, neugierig, fremd."
132,Slaughterhouse-Five,Kurt Vonnegut,1969,https://covers.openlibrary.org/b/title/Slaughterhouse-Five-L.jpg,classic|literarisch,mindfuck|politisch,Kanon,"Billy Pilgrim ist zeitlich zerrissen — zwischen seinem Alltag, dem Krieg und den Tralfamadoren, die ihn in einem Zoo auf einem Alienplaneten ausstellen. ""So geht das."" Vonneguts Antikriegsroman verschmilzt Sci-Fi mit Trauma-Literatur.","Wenn du <strong>den humorvollsten, traurigsten Anti-Kriegsroman</strong> lesen willst, der je geschrieben wurde.","<strong>Vibe:</strong> absurd, zynisch, herzzerreißend."
133,Engine Summer,John Crowley,1979,https://covers.openlibrary.org/b/title/Engine%20Summer-L.jpg,classic|literarisch,mindfuck,Kultstatus,"Postapokalyptische, poetische Zukunftsreise mit starkem Ton.",Wenn du <strong>lyrische SF</strong> möchtest.,"<strong>Vibe:</strong> warm, geheimnisvoll, sanft."
134,Stand on Zanzibar,John Brunner,1968,https://covers.openlibrary.org/b/title/Stand%20on%20Zanzibar-L.jpg,classic|literarisch,politisch,Klassiker,"Überbevölkerung, Informationsflut und gesellschaftliche Fragmentierung.","Wenn du <strong>mediale, politische Zukunftssatire</strong> willst.","<strong>Vibe:</strong> hektisch, prophetisch, zersplittert."
135,The Martian Chronicles,Ray Bradbury,1950,https://covers.openlibrary.org/b/title/The%20Martian%20Chronicles-L.jpg,classic|literarisch,accessible|dystopie,Kanon,"Verflochtene Geschichten über die Kolonisierung des Mars — von den ersten Expeditionen bis zum Fall des Planeten. Jeder der Kapitel ist eine eigene Kurzgeschichte, zusammen ergeben sie eine Elegie auf die menschliche Unfähigkeit, aus Fehlern zu lernen.","Wenn du <strong>Sci-Fi als Poetry</strong> willst. Bradbury hat das Genre schöner gemacht, als es verdient hat.","<strong>Vibe:</strong> melancholisch, poetisch, visionär."
136,Use of Weapons,Iain M. Banks,1990,https://covers.openlibrary.org/b/title/Use%20of%20Weapons-L.jpg,classic|space-opera,politisch|mindfuck,Culture-Serie,"Ein formal raffiniert erzählter Culture-Roman über Krieg, Manipulation, Schuld und die Brutalität politischer Eingriffe. Banks zeigt hier seine dunklere, emotional härtere Seite und macht aus Space Opera etwas zutiefst Verstörendes.","Wenn du nach einem Buch suchst, das große Zukunftsräume mit moralischem Gewicht verbindet und noch lange nachhallt, ist das einer der stärksten Banks-Romane.","<strong>Vibe:</strong> intelligent, dunkel, bitter, elegant."
137,Embassytown,China Miéville,2011,https://covers.openlibrary.org/b/title/Embassytown-L.jpg,modern|literarisch,mindfuck|politisch,Arthur C. Clarke Award Winner,"Ein Roman über Sprache, Fremdheit und Kolonialbeziehungen, der seine Aliens nicht nur äußerlich, sondern kognitiv wirklich anders denkt. Miéville macht daraus ein dichtes, originelles Buch über Kommunikation und Macht.","Perfekt, wenn du Sci-Fi willst, die linguistisch, politisch und ideenlastig ist, statt einfach nur futuristische Kulisse zu liefern.","<strong>Vibe:</strong> fremd, dicht, klug, herausfordernd."
138,Spin,Robert Charles Wilson,2005,https://covers.openlibrary.org/b/title/Spin-L.jpg,modern|hard-sf,epic|accessible,Hugo 2006 Winner,"Eine scheinbar einfache Ausgangsidee — die Erde wird von einem kosmischen Phänomen vom Rest des Universums abgeschnitten — entfaltet sich zu einem sehr menschlichen Roman über Zeit, Verlust, Wissenschaft und Weltgeschichte.","Sehr gut, wenn du große Konzepte magst, aber trotzdem emotionale Figuren und ein lesbares Erzähltempo willst.","<strong>Vibe:</strong> melancholisch, groß, menschlich, nachdenklich."
139,Eversion,Alastair Reynolds,2022,https://covers.openlibrary.org/b/title/Eversion-L.jpg,modern|hard-sf,mindfuck|new,Geheimtipp,"Ein clever gebauter Roman über Wiederholung, Wahrnehmung und die Frage, was an einer Expedition eigentlich real ist. Reynolds hält die Spannung lange über Struktur und Enthüllung statt über Action.","Wenn du einen kompakten, modernen Reynolds willst, der mehr Rätsel und Atmosphäre als reine Weitraum-Oper liefert, ist das ein starker Kandidat.","<strong>Vibe:</strong> unheimlich, raffiniert, kontrolliert, rätselhaft."
140,Permutation City,Greg Egan,1994,https://covers.openlibrary.org/b/title/Permutation%20City-L.jpg,modern|hard-sf|literarisch,mindfuck|ai,Kultstatus,"Eine der kompromisslosesten Romane über digitale Kopien, Identität, Simulation und Bewusstsein. Egan interessiert sich nicht für leichte Zugänglichkeit, sondern für die maximal konsequente Durcharbeitung radikaler Ideen.","Wenn du wirklich harte Denksport-Sci-Fi suchst, die sich nicht bei dir anbiedert, sondern dich fordert, dann ist das hier pures Material für Hirnverbiegung.","<strong>Vibe:</strong> abstrakt, extrem klug, kühl, kopflastig."
141,The Algebraist,Iain M. Banks,2004,https://covers.openlibrary.org/b/title/The%20Algebraist-L.jpg,modern|space-opera,epic|weird,Geheimtipp,"Banks außerhalb der Culture, aber mit derselben Lust an gigantischen Zivilisationen, grotesken Aliens und weiten politischen Räumen. Das Buch ist verspielt, groß und eigenwillig.","Gut, wenn du Space Opera mit Maßstab, Fantasie und einer guten Portion schräger Energie suchst.","<strong>Vibe:</strong> weit, schräg, verspielt, kosmisch."
